V:\00shared\dev8\XAMPP\xampp-php7\htdocs\wp-includes\js\mediaelement\wp-mediaelement.min.css,V:\00shared\dev8\XAMPP\xampp-php7\htdocs\wp-includes\js\mediaelement\wp-mediaelement.min_unpowered.css
V:\00shared\dev8\XAMPP\xampp-php7\htdocs\wp-content\themes\karlsruhe-digital\css\owl.carousel.min.css,V:\00shared\dev8\XAMPP\xampp-php7\htdocs\wp-content\themes\karlsruhe-digital\css\owl.carousel.min_unpowered.css
V:\00shared\dev8\XAMPP\xampp-php7\htdocs\wp-content\themes\karlsruhe-digital\css\style.css,V:\00shared\dev8\XAMPP\xampp-php7\htdocs\wp-content\themes\karlsruhe-digital\css\style_unpowered.css
V:\00shared\dev8\XAMPP\xampp-php7\htdocs\wp-includes\css\dist\block-library\style.min.css,V:\00shared\dev8\XAMPP\xampp-php7\htdocs\wp-includes\css\dist\block-library\style.min_unpowered.css
V:\00shared\dev8\XAMPP\xampp-php7\htdocs\wp-content\themes\karlsruhe-digital\css\all.min.css,V:\00shared\dev8\XAMPP\xampp-php7\htdocs\wp-content\themes\karlsruhe-digital\css\all.min_unpowered.css
V:\00shared\dev8\XAMPP\xampp-php7\htdocs\wp-content\plugins\real3d-flipbook\css\flipbook.style.css,V:\00shared\dev8\XAMPP\xampp-php7\htdocs\wp-content\plugins\real3d-flipbook\css\flipbook.style_unpowered.css
V:\00shared\dev8\XAMPP\xampp-php7\htdocs\wp-content\themes\karlsruhe-digital\css\normalize.css,V:\00shared\dev8\XAMPP\xampp-php7\htdocs\wp-content\themes\karlsruhe-digital\css\normalize_unpowered.css
V:\00shared\dev8\XAMPP\xampp-php7\htdocs\wp-content\plugins\feed-them-social\feeds\css\styles.css,V:\00shared\dev8\XAMPP\xampp-php7\htdocs\wp-content\plugins\feed-them-social\feeds\css\styles_unpowered.css
V:\00shared\dev8\XAMPP\xampp-php7\htdocs\wp-content\themes\karlsruhe-digital\css\bootstrap.min.css,V:\00shared\dev8\XAMPP\xampp-php7\htdocs\wp-content\themes\karlsruhe-digital\css\bootstrap.min_unpowered.css
V:\00shared\dev8\XAMPP\xampp-php7\htdocs\wp-includes\js\mediaelement\mediaelementplayer-legacy.min.css,V:\00shared\dev8\XAMPP\xampp-php7\htdocs\wp-includes\js\mediaelement\mediaelementplayer-legacy.min_unpowered.css
